gender,title,first_name,last_name,birth_date,state,email,rating
female,Dr.,Ardella,Daniel,1942-12-22,Alaska,bosco.lucy@morar.com,8
female,Miss,Elvera,Mann,1971-05-28,Kentucky,noemie85@gmail.com,7
female,Miss,Dianna,Olson,1966-05-26,North Carolina,nathanael27@yahoo.com,10
female,Miss,Vivian,Bailey,1967-08-08,Virginia,pgraham@beier.com,9
female,Prof.,Dandre,Hackett,1996-06-24,Arizona,camilla.nikolaus@hilpert.info,7
female,Ms.,Geraldine,Parisian,1989-06-14,Virginia,rigoberto.hauck@spinka.org,6
male,Prof.,Pedro,Durgan,1974-11-27,Hawaii,lang.newton@blanda.info,7
male,Mr.,Colten,Walsh,2007-04-18,New York,zwilliamson@hotmail.com,5
female,Dr.,Elfrieda,D'Amore,1956-01-02,Minnesota,savannah44@wolff.com,6
female,Miss,Stephanie,Morar,2014-02-01,Maine,emard.jaclyn@schuppe.net,5
male,Mr.,Arjun,Bednar,2002-06-19,Missouri,cwiegand@grimes.info,7
male,Mr.,Tatum,Jaskolski,1988-06-13,Iowa,kturner@maggio.com,7
male,Mr.,Ramiro,Predovic,1988-02-27,Illinois,iledner@langworth.org,5
male,Prof.,Lonnie,Kunde,1959-07-31,South Carolina,mariam.effertz@gmail.com,8
male,Prof.,Colton,Mayer,1960-05-06,Alaska,christophe82@gmail.com,2
male,Prof.,Tremaine,McGlynn,1936-12-03,Wyoming,orn.stanford@yahoo.com,1
male,Prof.,Lindsey,Armstrong,1966-09-14,Ohio,kali69@schmidt.com,8
female,Prof.,Addie,Terry,1950-09-21,New Jersey,ylegros@gmail.com,10
female,Miss,Maria,Marks,1968-12-10,Arizona,zokon@hotmail.com,10
male,Dr.,Shawn,Daugherty,1976-12-05,Missouri,delbert52@wisoky.org,7
male,Prof.,Keagan,Cremin,1947-09-10,New Hampshire,oschulist@yahoo.com,6
female,Miss,Brenda,Muller,1936-09-24,Idaho,chloe.casper@gmail.com,2
male,Dr.,Rico,Orn,1975-01-18,Missouri,antonette.muller@yahoo.com,3
female,Miss,Ova,Adams,1953-09-11,Rhode Island,nlang@erdman.com,4
female,Mrs.,Nona,Moen,1993-12-10,North Carolina,alexandrea08@mayer.com,10
female,Prof.,Leann,Fahey,1937-09-15,Wisconsin,syost@dicki.com,9
male,Mr.,Kyleigh,Steuber,1936-01-09,Mississippi,gwen.heaney@hotmail.com,5
female,Ms.,Lou,Schmidt,1990-08-26,West Virginia,acrooks@durgan.com,4
female,Prof.,Cecilia,Rodriguez,1934-08-16,Indiana,rowe.reginald@rogahn.com,3
female,Dr.,Maiya,Roob,1956-10-28,Utah,ricky72@dooley.com,1
female,Dr.,Sophie,Watsica,1969-03-12,Georgia,sklocko@yahoo.com,3
male,Mr.,Kareem,Cruickshank,1981-05-04,Kentucky,judah16@will.biz,1
male,Prof.,Rasheed,Walter,1947-10-31,Alaska,sasha56@gmail.com,4
male,Dr.,Sigrid,Klein,1992-04-18,Massachusetts,nicolette41@cronin.info,5
female,Mrs.,Naomie,Auer,1937-06-10,Tennessee,scotty.mclaughlin@kovacek.net,3
female,Mrs.,Roberta,Abbott,1987-05-24,Arizona,alexandra.littel@tremblay.com,4
male,Mr.,Bobbie,Crist,1966-05-11,Missouri,price93@howe.net,3
male,Dr.,Ceasar,Barrows,1982-04-12,Virginia,bryana.dibbert@hotmail.com,3
female,Prof.,Anya,Satterfield,2002-01-25,Virginia,buckridge.coby@gmail.com,3
male,Prof.,Isidro,Harris,1986-03-19,Hawaii,ybaumbach@hotmail.com,8
male,Mr.,Ladarius,Ankunding,1997-03-08,Arizona,joel.ryan@gmail.com,5
female,Miss,Daniella,McKenzie,1978-08-04,District of Columbia,yasmine16@toy.com,10
female,Ms.,Myah,Labadie,2007-08-14,Tennessee,krajcik.juana@yahoo.com,9
female,Mrs.,Taya,Oberbrunner,1964-05-11,Arkansas,critchie@yahoo.com,7
female,Mrs.,Nadia,Schuster,1996-04-30,Idaho,woodrow.mitchell@yahoo.com,2
male,Dr.,Kurtis,Bergstrom,1944-04-19,North Dakota,maria.stoltenberg@beahan.com,10
female,Miss,Theresa,Keebler,1959-04-22,Kentucky,fay.kellen@lind.com,4
female,Ms.,Ida,Robel,1943-03-24,South Dakota,littel.logan@swaniawski.com,7
male,Dr.,Jeromy,Smith,2006-04-12,Wyoming,amos32@yahoo.com,1
female,Ms.,Aida,Hickle,1971-05-04,Wyoming,baylee61@schmidt.com,5
female,Dr.,Donna,Lakin,1990-02-12,Arkansas,cartwright.summer@hotmail.com,4
female,Ms.,Queenie,Ziemann,1994-08-10,North Dakota,keven.johnson@king.biz,4
female,Ms.,Raquel,Larson,1950-12-10,Vermont,lubowitz.travis@yahoo.com,9
female,Dr.,Bonnie,Quigley,1940-09-16,Virginia,shany28@emard.com,9
male,Mr.,Norbert,Haag,1958-08-09,Connecticut,rita.reinger@gmail.com,5
male,Prof.,Garrison,Schowalter,1970-09-13,Maryland,jaylon.reinger@yahoo.com,6
female,Prof.,Frederique,Huels,1934-03-16,New York,agustin52@yahoo.com,3
male,Prof.,Khalid,Kshlerin,2000-10-19,Indiana,sasha.fay@conroy.info,5
female,Miss,Alexandria,Altenwerth,2004-01-31,New Mexico,darryl.flatley@jerde.com,9
female,Miss,Delores,Weber,1935-08-18,Maine,johns.scarlett@prohaska.info,3
female,Ms.,Lyda,Kassulke,1987-09-13,District of Columbia,little.carlo@hotmail.com,8
male,Prof.,Mekhi,Paucek,1986-09-26,Georgia,kkrajcik@runolfsson.info,10
female,Miss,Aurelie,Cartwright,1971-05-01,Illinois,welch.veda@hotmail.com,9
male,Prof.,Armand,VonRueden,1947-01-22,Georgia,johnson55@welch.com,5
male,Mr.,Jacey,Little,2009-08-20,Arkansas,anabelle84@homenick.com,10
female,Mrs.,Bettye,Bergnaum,1954-06-25,Idaho,beryl07@hotmail.com,1
male,Dr.,Everardo,Simonis,2013-12-14,Oklahoma,leif.okuneva@veum.com,6
female,Miss,Nannie,Stoltenberg,1954-03-18,Montana,mdietrich@bednar.com,8
female,Prof.,Lexie,Sporer,1937-11-22,New Jersey,marquise.lang@morar.com,8
female,Ms.,Summer,Blick,1936-05-09,Iowa,quentin.hayes@klein.com,5
female,Ms.,Olga,Heller,1979-07-10,Missouri,fgrant@corwin.com,8
female,Prof.,Jacquelyn,Parker,1973-10-15,Wisconsin,grady83@bergnaum.com,2
female,Mrs.,Santina,Becker,1990-04-20,Maryland,anya23@parisian.biz,6
female,Prof.,Ruby,Blanda,1963-12-23,Wisconsin,tyrique80@hotmail.com,10
male,Prof.,Jared,Wyman,1980-06-30,Maryland,ludie23@rodriguez.info,7
male,Dr.,Stevie,Mraz,1938-04-12,Alabama,jared.gibson@hotmail.com,1
female,Miss,Thelma,Corkery,1934-07-21,West Virginia,aniya24@yahoo.com,7
male,Prof.,Tillman,Kub,2006-01-16,Florida,dreichel@windler.net,10
female,Prof.,Britney,Hane,1951-12-29,Minnesota,morar.yolanda@gmail.com,9
male,Dr.,Lewis,Kautzer,1987-09-09,Nebraska,kylee76@orn.org,9
male,Mr.,Christop,Boyer,1948-11-01,Maine,wilfrid.kuphal@turner.org,6
male,Prof.,Berta,Ratke,1985-07-04,Washington,rath.filomena@stracke.com,2
male,Mr.,Laron,Runolfsdottir,1953-12-22,Louisiana,ptillman@mayert.com,8
male,Prof.,Toni,Hahn,2013-09-23,Nebraska,federico.ruecker@stanton.net,5
female,Prof.,Danyka,Rutherford,1943-10-31,Kansas,tristian.huel@gmail.com,5
female,Mrs.,Neha,Prosacco,1974-10-28,Arkansas,genevieve35@will.net,9
male,Dr.,Wyatt,Schiller,1965-10-03,Connecticut,alexandra.botsford@gmail.com,3
male,Mr.,Francisco,Klocko,1993-11-01,Vermont,heaney.moriah@gaylord.com,6
male,Mr.,Ramon,Halvorson,1990-04-09,Florida,skunde@yahoo.com,4
female,Prof.,Mariana,Effertz,1934-07-07,South Dakota,brandyn.prohaska@ziemann.com,6
male,Prof.,Abraham,Kerluke,1977-07-25,West Virginia,montana.kilback@yahoo.com,2
male,Dr.,Chandler,Breitenberg,1940-10-21,Texas,denesik.elbert@orn.com,5
male,Prof.,Jasen,Stehr,1966-11-06,New Jersey,zhettinger@rodriguez.com,9
male,Dr.,Hayden,Beer,1967-01-13,Delaware,tracy.crist@hotmail.com,2
male,Mr.,Morris,Hintz,1998-04-08,Texas,ladarius65@gislason.com,6
female,Dr.,Daniela,Stroman,2008-12-16,New Mexico,harber.aurore@metz.info,7
female,Miss,Aisha,Rolfson,1976-09-14,Delaware,guiseppe28@gmail.com,7
male,Dr.,Owen,Ferry,1960-06-26,Oregon,klocko.elaina@hotmail.com,8
female,Dr.,Sierra,Greenholt,1969-06-29,Louisiana,noemi.gibson@yahoo.com,5
male,Mr.,Marc,Morissette,1975-02-01,North Carolina,jschuster@gmail.com,6
